{"cameraMode":{"drawMode":0,"name":"Shaded","section":"Shading Mode"},"sceneLighting":true,"audioPlay":false,"sceneViewState":{"showFog":true,"showMaterialUpdate":false,"showSkybox":true,"showFlares":true,"showImageEffects":true,"showParticleSystems":true},"in2DMode":false,"pivot":{"x":0.9780216217041016,"y":1.027949333190918,"z":0.2605772018432617},"rotation":{"x":-0.004006773699074984,"y":-0.9956237077713013,"z":0.07813072949647904,"w":-0.05227933079004288},"size":10.91597843170166,"orthographic":false}